{
  "v": "4.8.0",
  "meta": { "g": "LottieFiles AE 3.5.6", "a": "", "k": "", "d": "", "tc": "" },
  "fr": 60,
  "ip": 0,
  "op": 120,
  "w": 714,
  "h": 678,
  "nm": "Pre-comp 1",
  "ddd": 0,
  "assets": [
    {
      "id": "comp_0",
      "layers": [
        {
          "ddd": 0,
          "ind": 1,
          "ty": 4,
          "nm": "centro",
          "sr": 1,
          "ks": {
            "o": { "a": 0, "k": 100, "ix": 11 },
            "r": { "a": 0, "k": 0, "ix": 10 },
            "p": {
              "a": 1,
              "k": [
                {
                  "i": { "x": 0.214, "y": 1 },
                  "o": { "x": 0.462, "y": 0 },
                  "t": 0,
                  "s": [450, 907, 0],
                  "to": [0, 0, 0],
                  "ti": [0, 0, 0]
                },
                { "t": 30, "s": [450, 1513, 0] }
              ],
              "ix": 2
            },
            "a": { "a": 0, "k": [-348, -169, 0], "ix": 1 },
            "s": { "a": 0, "k": [100, 100, 100], "ix": 6 }
          },
          "ao": 0,
          "shapes": [
            {
              "ty": "gr",
              "it": [
                {
                  "ind": 0,
                  "ty": "sh",
                  "ix": 1,
                  "ks": {
                    "a": 0,
                    "k": {
                      "i": [
                        [0, 0],
                        [0, 0]
                      ],
                      "o": [
                        [0, 0],
                        [0, 0]
                      ],
                      "v": [
                        [-348, -420],
                        [-348, -30]
                      ],
                      "c": false
                    },
                    "ix": 2
                  },
                  "nm": "Path 1",
                  "mn": "ADBE Vector Shape - Group",
                  "hd": false
                },
                {
                  "ty": "st",
                  "c": {
                    "a": 0,
                    "k": [0.854901960784, 0.858823529412, 0.882352941176, 1],
                    "ix": 3
                  },
                  "o": { "a": 0, "k": 100, "ix": 4 },
                  "w": { "a": 0, "k": 77, "ix": 5 },
                  "lc": 2,
                  "lj": 1,
                  "ml": 4,
                  "bm": 0,
                  "nm": "Stroke 1",
                  "mn": "ADBE Vector Graphic - Stroke",
                  "hd": false
                },
                {
                  "ty": "tr",
                  "p": { "a": 0, "k": [-348, -164], "ix": 2 },
                  "a": { "a": 0, "k": [-348, -156], "ix": 1 },
                  "s": { "a": 0, "k": [100, 100], "ix": 3 },
                  "r": { "a": 0, "k": 0, "ix": 6 },
                  "o": { "a": 0, "k": 100, "ix": 7 },
                  "sk": { "a": 0, "k": 0, "ix": 4 },
                  "sa": { "a": 0, "k": 0, "ix": 5 },
                  "nm": "Transform"
                }
              ],
              "nm": "Shape 1",
              "np": 3,
              "cix": 2,
              "bm": 0,
              "ix": 1,
              "mn": "ADBE Vector Group",
              "hd": false
            }
          ],
          "ip": 0,
          "op": 120,
          "st": 0,
          "bm": 0
        },
        {
          "ddd": 0,
          "ind": 2,
          "ty": 4,
          "nm": "esquerdo",
          "parent": 1,
          "sr": 1,
          "ks": {
            "o": { "a": 0, "k": 100, "ix": 11 },
            "r": {
              "a": 1,
              "k": [
                {
                  "i": { "x": [0.298], "y": [1] },
                  "o": { "x": [0.448], "y": [0] },
                  "t": 6,
                  "s": [43.5]
                },
                { "t": 36, "s": [-1] }
              ],
              "ix": 10
            },
            "p": { "a": 0, "k": [-348.39, -36.55, 0], "ix": 2 },
            "a": { "a": 0, "k": [-2, 84, 0], "ix": 1 },
            "s": { "a": 0, "k": [100, 100, 100], "ix": 6 }
          },
          "ao": 0,
          "shapes": [
            {
              "ty": "gr",
              "it": [
                {
                  "ind": 0,
                  "ty": "sh",
                  "ix": 1,
                  "ks": {
                    "a": 0,
                    "k": {
                      "i": [
                        [0, 0],
                        [0, 0]
                      ],
                      "o": [
                        [0, 0],
                        [0, 0]
                      ],
                      "v": [
                        [-178, -102],
                        [-2, 84]
                      ],
                      "c": false
                    },
                    "ix": 2
                  },
                  "nm": "Path 1",
                  "mn": "ADBE Vector Shape - Group",
                  "hd": false
                },
                {
                  "ty": "st",
                  "c": {
                    "a": 0,
                    "k": [0.854901960784, 0.858823529412, 0.882352941176, 1],
                    "ix": 3
                  },
                  "o": { "a": 0, "k": 100, "ix": 4 },
                  "w": { "a": 0, "k": 77, "ix": 5 },
                  "lc": 2,
                  "lj": 1,
                  "ml": 4,
                  "bm": 0,
                  "nm": "Stroke 1",
                  "mn": "ADBE Vector Graphic - Stroke",
                  "hd": false
                },
                {
                  "ty": "tr",
                  "p": { "a": 0, "k": [0, 0], "ix": 2 },
                  "a": { "a": 0, "k": [0, 0], "ix": 1 },
                  "s": { "a": 0, "k": [100, 100], "ix": 3 },
                  "r": { "a": 0, "k": 0, "ix": 6 },
                  "o": { "a": 0, "k": 100, "ix": 7 },
                  "sk": { "a": 0, "k": 0, "ix": 4 },
                  "sa": { "a": 0, "k": 0, "ix": 5 },
                  "nm": "Transform"
                }
              ],
              "nm": "Shape 1",
              "np": 3,
              "cix": 2,
              "bm": 0,
              "ix": 1,
              "mn": "ADBE Vector Group",
              "hd": false
            },
            {
              "ty": "tm",
              "s": { "a": 0, "k": 8, "ix": 1 },
              "e": { "a": 0, "k": 100, "ix": 2 },
              "o": { "a": 0, "k": 0, "ix": 3 },
              "m": 1,
              "ix": 2,
              "nm": "Trim Paths 1",
              "mn": "ADBE Vector Filter - Trim",
              "hd": false
            }
          ],
          "ip": 0,
          "op": 120,
          "st": 0,
          "bm": 0
        },
        {
          "ddd": 0,
          "ind": 3,
          "ty": 4,
          "nm": "direito",
          "parent": 1,
          "sr": 1,
          "ks": {
            "o": { "a": 0, "k": 100, "ix": 11 },
            "r": {
              "a": 1,
              "k": [
                {
                  "i": { "x": [0.265], "y": [1] },
                  "o": { "x": [0.53], "y": [0] },
                  "t": 6,
                  "s": [-43.5]
                },
                { "t": 36, "s": [1] }
              ],
              "ix": 10
            },
            "p": { "a": 0, "k": [-348.39, -36.55, 0], "ix": 2 },
            "a": { "a": 0, "k": [-2, 84, 0], "ix": 1 },
            "s": { "a": 0, "k": [-100, 100, 100], "ix": 6 }
          },
          "ao": 0,
          "shapes": [
            {
              "ty": "gr",
              "it": [
                {
                  "ind": 0,
                  "ty": "sh",
                  "ix": 1,
                  "ks": {
                    "a": 0,
                    "k": {
                      "i": [
                        [0, 0],
                        [0, 0]
                      ],
                      "o": [
                        [0, 0],
                        [0, 0]
                      ],
                      "v": [
                        [-178, -102],
                        [-2, 84]
                      ],
                      "c": false
                    },
                    "ix": 2
                  },
                  "nm": "Path 1",
                  "mn": "ADBE Vector Shape - Group",
                  "hd": false
                },
                {
                  "ty": "tm",
                  "s": { "a": 0, "k": 8, "ix": 1 },
                  "e": { "a": 0, "k": 100, "ix": 2 },
                  "o": { "a": 0, "k": 0, "ix": 3 },
                  "m": 1,
                  "ix": 2,
                  "nm": "Trim Paths 1",
                  "mn": "ADBE Vector Filter - Trim",
                  "hd": false
                },
                {
                  "ty": "st",
                  "c": {
                    "a": 0,
                    "k": [0.854901960784, 0.858823529412, 0.882352941176, 1],
                    "ix": 3
                  },
                  "o": { "a": 0, "k": 100, "ix": 4 },
                  "w": { "a": 0, "k": 77, "ix": 5 },
                  "lc": 2,
                  "lj": 1,
                  "ml": 4,
                  "bm": 0,
                  "nm": "Stroke 1",
                  "mn": "ADBE Vector Graphic - Stroke",
                  "hd": false
                },
                {
                  "ty": "tr",
                  "p": { "a": 0, "k": [0, 0], "ix": 2 },
                  "a": { "a": 0, "k": [0, 0], "ix": 1 },
                  "s": { "a": 0, "k": [100, 100], "ix": 3 },
                  "r": { "a": 0, "k": 0, "ix": 6 },
                  "o": { "a": 0, "k": 100, "ix": 7 },
                  "sk": { "a": 0, "k": 0, "ix": 4 },
                  "sa": { "a": 0, "k": 0, "ix": 5 },
                  "nm": "Transform"
                }
              ],
              "nm": "Shape 1",
              "np": 4,
              "cix": 2,
              "bm": 0,
              "ix": 1,
              "mn": "ADBE Vector Group",
              "hd": false
            }
          ],
          "ip": 0,
          "op": 120,
          "st": 0,
          "bm": 0
        }
      ]
    },
    {
      "id": "comp_1",
      "layers": [
        {
          "ddd": 0,
          "ind": 1,
          "ty": 4,
          "nm": "centro",
          "sr": 1,
          "ks": {
            "o": { "a": 0, "k": 100, "ix": 11 },
            "r": { "a": 0, "k": 0, "ix": 10 },
            "p": {
              "a": 1,
              "k": [
                {
                  "i": { "x": 0.569, "y": 1 },
                  "o": { "x": 0.809, "y": 0 },
                  "t": 0,
                  "s": [450, 391, 0],
                  "to": [0, 0, 0],
                  "ti": [0, 0, 0]
                },
                { "t": 30, "s": [450, 997, 0] }
              ],
              "ix": 2
            },
            "a": { "a": 0, "k": [-348, -169, 0], "ix": 1 },
            "s": { "a": 0, "k": [100, 100, 100], "ix": 6 }
          },
          "ao": 0,
          "shapes": [
            {
              "ty": "gr",
              "it": [
                {
                  "ind": 0,
                  "ty": "sh",
                  "ix": 1,
                  "ks": {
                    "a": 0,
                    "k": {
                      "i": [
                        [0, 0],
                        [0, 0]
                      ],
                      "o": [
                        [0, 0],
                        [0, 0]
                      ],
                      "v": [
                        [-348, -420],
                        [-348, -30]
                      ],
                      "c": false
                    },
                    "ix": 2
                  },
                  "nm": "Path 1",
                  "mn": "ADBE Vector Shape - Group",
                  "hd": false
                },
                {
                  "ty": "st",
                  "c": {
                    "a": 0,
                    "k": [0.854901960784, 0.858823529412, 0.882352941176, 1],
                    "ix": 3
                  },
                  "o": { "a": 0, "k": 100, "ix": 4 },
                  "w": { "a": 0, "k": 77, "ix": 5 },
                  "lc": 2,
                  "lj": 1,
                  "ml": 4,
                  "bm": 0,
                  "nm": "Stroke 1",
                  "mn": "ADBE Vector Graphic - Stroke",
                  "hd": false
                },
                {
                  "ty": "tr",
                  "p": { "a": 0, "k": [-348, -164], "ix": 2 },
                  "a": { "a": 0, "k": [-348, -156], "ix": 1 },
                  "s": { "a": 0, "k": [100, 100], "ix": 3 },
                  "r": { "a": 0, "k": 0, "ix": 6 },
                  "o": { "a": 0, "k": 100, "ix": 7 },
                  "sk": { "a": 0, "k": 0, "ix": 4 },
                  "sa": { "a": 0, "k": 0, "ix": 5 },
                  "nm": "Transform"
                }
              ],
              "nm": "Shape 1",
              "np": 3,
              "cix": 2,
              "bm": 0,
              "ix": 1,
              "mn": "ADBE Vector Group",
              "hd": false
            }
          ],
          "ip": 0,
          "op": 120,
          "st": 0,
          "bm": 0
        },
        {
          "ddd": 0,
          "ind": 2,
          "ty": 4,
          "nm": "esquerdo",
          "parent": 1,
          "sr": 1,
          "ks": {
            "o": { "a": 0, "k": 100, "ix": 11 },
            "r": {
              "a": 1,
              "k": [
                {
                  "i": { "x": [0.552], "y": [1] },
                  "o": { "x": [0.702], "y": [0] },
                  "t": 0,
                  "s": [-1]
                },
                { "t": 30, "s": [43.5] }
              ],
              "ix": 10
            },
            "p": { "a": 0, "k": [-348.39, -36.55, 0], "ix": 2 },
            "a": { "a": 0, "k": [-2, 84, 0], "ix": 1 },
            "s": { "a": 0, "k": [100, 100, 100], "ix": 6 }
          },
          "ao": 0,
          "shapes": [
            {
              "ty": "gr",
              "it": [
                {
                  "ind": 0,
                  "ty": "sh",
                  "ix": 1,
                  "ks": {
                    "a": 0,
                    "k": {
                      "i": [
                        [0, 0],
                        [0, 0]
                      ],
                      "o": [
                        [0, 0],
                        [0, 0]
                      ],
                      "v": [
                        [-178, -102],
                        [-2, 84]
                      ],
                      "c": false
                    },
                    "ix": 2
                  },
                  "nm": "Path 1",
                  "mn": "ADBE Vector Shape - Group",
                  "hd": false
                },
                {
                  "ty": "st",
                  "c": {
                    "a": 0,
                    "k": [0.854901960784, 0.858823529412, 0.882352941176, 1],
                    "ix": 3
                  },
                  "o": { "a": 0, "k": 100, "ix": 4 },
                  "w": { "a": 0, "k": 77, "ix": 5 },
                  "lc": 2,
                  "lj": 1,
                  "ml": 4,
                  "bm": 0,
                  "nm": "Stroke 1",
                  "mn": "ADBE Vector Graphic - Stroke",
                  "hd": false
                },
                {
                  "ty": "tr",
                  "p": { "a": 0, "k": [0, 0], "ix": 2 },
                  "a": { "a": 0, "k": [0, 0], "ix": 1 },
                  "s": { "a": 0, "k": [100, 100], "ix": 3 },
                  "r": { "a": 0, "k": 0, "ix": 6 },
                  "o": { "a": 0, "k": 100, "ix": 7 },
                  "sk": { "a": 0, "k": 0, "ix": 4 },
                  "sa": { "a": 0, "k": 0, "ix": 5 },
                  "nm": "Transform"
                }
              ],
              "nm": "Shape 1",
              "np": 3,
              "cix": 2,
              "bm": 0,
              "ix": 1,
              "mn": "ADBE Vector Group",
              "hd": false
            },
            {
              "ty": "tm",
              "s": { "a": 0, "k": 8, "ix": 1 },
              "e": { "a": 0, "k": 100, "ix": 2 },
              "o": { "a": 0, "k": 0, "ix": 3 },
              "m": 1,
              "ix": 2,
              "nm": "Trim Paths 1",
              "mn": "ADBE Vector Filter - Trim",
              "hd": false
            }
          ],
          "ip": 0,
          "op": 120,
          "st": 0,
          "bm": 0
        },
        {
          "ddd": 0,
          "ind": 3,
          "ty": 4,
          "nm": "direito",
          "parent": 1,
          "sr": 1,
          "ks": {
            "o": { "a": 0, "k": 100, "ix": 11 },
            "r": {
              "a": 1,
              "k": [
                {
                  "i": { "x": [0.47], "y": [1] },
                  "o": { "x": [0.735], "y": [0] },
                  "t": 0,
                  "s": [1]
                },
                { "t": 30, "s": [-43.5] }
              ],
              "ix": 10
            },
            "p": { "a": 0, "k": [-348.39, -36.55, 0], "ix": 2 },
            "a": { "a": 0, "k": [-2, 84, 0], "ix": 1 },
            "s": { "a": 0, "k": [-100, 100, 100], "ix": 6 }
          },
          "ao": 0,
          "shapes": [
            {
              "ty": "gr",
              "it": [
                {
                  "ind": 0,
                  "ty": "sh",
                  "ix": 1,
                  "ks": {
                    "a": 0,
                    "k": {
                      "i": [
                        [0, 0],
                        [0, 0]
                      ],
                      "o": [
                        [0, 0],
                        [0, 0]
                      ],
                      "v": [
                        [-178, -102],
                        [-2, 84]
                      ],
                      "c": false
                    },
                    "ix": 2
                  },
                  "nm": "Path 1",
                  "mn": "ADBE Vector Shape - Group",
                  "hd": false
                },
                {
                  "ty": "tm",
                  "s": { "a": 0, "k": 8, "ix": 1 },
                  "e": { "a": 0, "k": 100, "ix": 2 },
                  "o": { "a": 0, "k": 0, "ix": 3 },
                  "m": 1,
                  "ix": 2,
                  "nm": "Trim Paths 1",
                  "mn": "ADBE Vector Filter - Trim",
                  "hd": false
                },
                {
                  "ty": "st",
                  "c": {
                    "a": 0,
                    "k": [0.854901960784, 0.858823529412, 0.882352941176, 1],
                    "ix": 3
                  },
                  "o": { "a": 0, "k": 100, "ix": 4 },
                  "w": { "a": 0, "k": 77, "ix": 5 },
                  "lc": 2,
                  "lj": 1,
                  "ml": 4,
                  "bm": 0,
                  "nm": "Stroke 1",
                  "mn": "ADBE Vector Graphic - Stroke",
                  "hd": false
                },
                {
                  "ty": "tr",
                  "p": { "a": 0, "k": [0, 0], "ix": 2 },
                  "a": { "a": 0, "k": [0, 0], "ix": 1 },
                  "s": { "a": 0, "k": [100, 100], "ix": 3 },
                  "r": { "a": 0, "k": 0, "ix": 6 },
                  "o": { "a": 0, "k": 100, "ix": 7 },
                  "sk": { "a": 0, "k": 0, "ix": 4 },
                  "sa": { "a": 0, "k": 0, "ix": 5 },
                  "nm": "Transform"
                }
              ],
              "nm": "Shape 1",
              "np": 4,
              "cix": 2,
              "bm": 0,
              "ix": 1,
              "mn": "ADBE Vector Group",
              "hd": false
            }
          ],
          "ip": 0,
          "op": 120,
          "st": 0,
          "bm": 0
        }
      ]
    }
  ],
  "layers": [
    {
      "ddd": 0,
      "ind": 1,
      "ty": 0,
      "nm": "seta 2",
      "refId": "comp_0",
      "sr": 1,
      "ks": {
        "o": { "a": 0, "k": 100, "ix": 11 },
        "r": { "a": 0, "k": 0, "ix": 10 },
        "p": { "a": 0, "k": [357, -247, 0], "ix": 2 },
        "a": { "a": 0, "k": [450, 960, 0], "ix": 1 },
        "s": { "a": 0, "k": [100, 100, 100], "ix": 6 }
      },
      "ao": 0,
      "w": 900,
      "h": 1920,
      "ip": 30,
      "op": 120,
      "st": 30,
      "bm": 0
    },
    {
      "ddd": 0,
      "ind": 2,
      "ty": 0,
      "nm": "seta",
      "refId": "comp_1",
      "sr": 1,
      "ks": {
        "o": { "a": 0, "k": 100, "ix": 11 },
        "r": { "a": 0, "k": 0, "ix": 10 },
        "p": { "a": 0, "k": [357, 258, 0], "ix": 2 },
        "a": { "a": 0, "k": [450, 345, 0], "ix": 1 },
        "s": { "a": 0, "k": [100, 100, 100], "ix": 6 }
      },
      "ao": 0,
      "w": 900,
      "h": 690,
      "ip": 0,
      "op": 120,
      "st": 0,
      "bm": 0
    },
    {
      "ddd": 0,
      "ind": 3,
      "ty": 4,
      "nm": "base Outlines",
      "sr": 1,
      "ks": {
        "o": { "a": 0, "k": 100, "ix": 11 },
        "r": { "a": 0, "k": 0, "ix": 10 },
        "p": { "a": 0, "k": [357, 548.713, 0], "ix": 2 },
        "a": { "a": 0, "k": [357.81, 129.934, 0], "ix": 1 },
        "s": { "a": 0, "k": [100, 100, 100], "ix": 6 }
      },
      "ao": 0,
      "shapes": [
        {
          "ty": "gr",
          "it": [
            {
              "ind": 0,
              "ty": "sh",
              "ix": 1,
              "ks": {
                "a": 0,
                "k": {
                  "i": [
                    [0, 0],
                    [0, 50.043],
                    [0, 0],
                    [-21.158, 0],
                    [0, -21.447],
                    [0, 0],
                    [-7.049, 0],
                    [0, 0],
                    [0, 7.149],
                    [0, 0],
                    [-21.158, 0],
                    [0, -21.447],
                    [0, 0],
                    [49.368, 0]
                  ],
                  "o": [
                    [-49.369, 0],
                    [0, 0],
                    [0, -21.447],
                    [21.158, 0],
                    [0, 0],
                    [0, 7.145],
                    [0, 0],
                    [7.053, 0],
                    [0, 0],
                    [0, -21.447],
                    [21.158, 0],
                    [0, 0],
                    [0, 50.043],
                    [0, 0]
                  ],
                  "v": [
                    [-268.169, 129.445],
                    [-357.559, 38.834],
                    [-357.559, -90.61],
                    [-319.249, -129.445],
                    [-280.939, -90.61],
                    [-280.939, 38.834],
                    [-268.169, 51.778],
                    [268.169, 51.778],
                    [280.939, 38.834],
                    [280.939, -90.61],
                    [319.249, -129.445],
                    [357.559, -90.61],
                    [357.559, 38.834],
                    [268.169, 129.445]
                  ],
                  "c": true
                },
                "ix": 2
              },
              "nm": "Path 1",
              "mn": "ADBE Vector Shape - Group",
              "hd": false
            },
            {
              "ty": "fl",
              "c": {
                "a": 0,
                "k": [0.865977448108, 0.86824388691, 0.890449075138, 1],
                "ix": 4
              },
              "o": { "a": 0, "k": 100, "ix": 5 },
              "r": 1,
              "bm": 0,
              "nm": "Fill 1",
              "mn": "ADBE Vector Graphic - Fill",
              "hd": false
            },
            {
              "ty": "tr",
              "p": { "a": 0, "k": [357.809, 129.695], "ix": 2 },
              "a": { "a": 0, "k": [0, 0], "ix": 1 },
              "s": { "a": 0, "k": [100, 100], "ix": 3 },
              "r": { "a": 0, "k": 0, "ix": 6 },
              "o": { "a": 0, "k": 100, "ix": 7 },
              "sk": { "a": 0, "k": 0, "ix": 4 },
              "sa": { "a": 0, "k": 0, "ix": 5 },
              "nm": "Transform"
            }
          ],
          "nm": "Group 1",
          "np": 2,
          "cix": 2,
          "bm": 0,
          "ix": 1,
          "mn": "ADBE Vector Group",
          "hd": false
        }
      ],
      "ip": 0,
      "op": 120,
      "st": 0,
      "bm": 0
    }
  ],
  "markers": []
}
