{
  "v": "4.8.0",
  "meta": { "g": "LottieFiles AE 3.5.6", "a": "", "k": "", "d": "", "tc": "" },
  "fr": 60,
  "ip": 0,
  "op": 120,
  "w": 300,
  "h": 300,
  "nm": "Comp 1",
  "ddd": 0,
  "assets": [
    {
      "id": "comp_0",
      "layers": [
        {
          "ddd": 0,
          "ind": 1,
          "ty": 5,
          "nm": "3",
          "sr": 1,
          "ks": {
            "o": { "a": 0, "k": 100, "ix": 11 },
            "r": {
              "a": 1,
              "k": [
                {
                  "i": { "x": [0.055], "y": [1] },
                  "o": { "x": [0.333], "y": [0] },
                  "t": 0,
                  "s": [0]
                },
                {
                  "i": { "x": [0.055], "y": [1] },
                  "o": { "x": [0.333], "y": [0] },
                  "t": 30,
                  "s": [8]
                },
                { "t": 60, "s": [0] }
              ],
              "ix": 10
            },
            "p": { "a": 0, "k": [930, 525, 0], "ix": 2 },
            "a": { "a": 0, "k": [16.605, -23.904, 0], "ix": 1 },
            "s": { "a": 0, "k": [170, 170, 100], "ix": 6 }
          },
          "ao": 0,
          "hasMask": true,
          "masksProperties": [
            {
              "inv": false,
              "mode": "a",
              "pt": {
                "a": 0,
                "k": {
                  "i": [
                    [0, 0],
                    [0, 0],
                    [0, 0],
                    [0, 0],
                    [0, 0],
                    [0, 0]
                  ],
                  "o": [
                    [0, 0],
                    [0, 0],
                    [0, 0],
                    [0, 0],
                    [0, 0],
                    [0, 0]
                  ],
                  "v": [
                    [14.987, -34.426],
                    [9.105, -30.309],
                    [9.987, -22.073],
                    [17.487, -16.779],
                    [24.105, -23.544],
                    [22.193, -30.603]
                  ],
                  "c": true
                },
                "ix": 1
              },
              "o": { "a": 0, "k": 100, "ix": 3 },
              "x": { "a": 0, "k": 0, "ix": 4 },
              "nm": "Mask 1"
            }
          ],
          "ef": [
            {
              "ty": 21,
              "nm": "Fill",
              "np": 9,
              "mn": "ADBE Fill",
              "ix": 1,
              "en": 1,
              "ef": [
                {
                  "ty": 10,
                  "nm": "Fill Mask",
                  "mn": "ADBE Fill-0001",
                  "ix": 1,
                  "v": { "a": 0, "k": 0, "ix": 1 }
                },
                {
                  "ty": 7,
                  "nm": "All Masks",
                  "mn": "ADBE Fill-0007",
                  "ix": 2,
                  "v": { "a": 0, "k": 0, "ix": 2 }
                },
                {
                  "ty": 2,
                  "nm": "Color",
                  "mn": "ADBE Fill-0002",
                  "ix": 3,
                  "v": {
                    "a": 0,
                    "k": [0.992156863213, 0.880375564098, 0.128396704793, 1],
                    "ix": 3
                  }
                },
                {
                  "ty": 7,
                  "nm": "Invert",
                  "mn": "ADBE Fill-0006",
                  "ix": 4,
                  "v": { "a": 0, "k": 0, "ix": 4 }
                },
                {
                  "ty": 0,
                  "nm": "Horizontal Feather",
                  "mn": "ADBE Fill-0003",
                  "ix": 5,
                  "v": { "a": 0, "k": 0, "ix": 5 }
                },
                {
                  "ty": 0,
                  "nm": "Vertical Feather",
                  "mn": "ADBE Fill-0004",
                  "ix": 6,
                  "v": { "a": 0, "k": 0, "ix": 6 }
                },
                {
                  "ty": 0,
                  "nm": "Opacity",
                  "mn": "ADBE Fill-0005",
                  "ix": 7,
                  "v": { "a": 0, "k": 1, "ix": 7 }
                }
              ]
            }
          ],
          "t": {
            "d": {
              "k": [
                {
                  "s": {
                    "s": 40,
                    "f": "SegoeUIEmoji",
                    "t": "✨",
                    "j": 0,
                    "tr": 0,
                    "lh": 48,
                    "ls": 0,
                    "fc": [1, 1, 1]
                  },
                  "t": 0
                }
              ]
            },
            "p": {},
            "m": { "g": 1, "a": { "a": 0, "k": [0, 0], "ix": 2 } },
            "a": []
          },
          "ip": 0,
          "op": 123,
          "st": 0,
          "bm": 0
        },
        {
          "ddd": 0,
          "ind": 2,
          "ty": 5,
          "nm": "2",
          "sr": 1,
          "ks": {
            "o": { "a": 0, "k": 100, "ix": 11 },
            "r": {
              "a": 1,
              "k": [
                {
                  "i": { "x": [0.055], "y": [1] },
                  "o": { "x": [0.333], "y": [0] },
                  "t": 0,
                  "s": [0]
                },
                {
                  "i": { "x": [0.055], "y": [1] },
                  "o": { "x": [0.333], "y": [0] },
                  "t": 30,
                  "s": [-8]
                },
                { "t": 60, "s": [0] }
              ],
              "ix": 10
            },
            "p": { "a": 0, "k": [960, 540, 0], "ix": 2 },
            "a": { "a": 0, "k": [31.912, -13.397, 0], "ix": 1 },
            "s": { "a": 0, "k": [170, 170, 100], "ix": 6 }
          },
          "ao": 0,
          "hasMask": true,
          "masksProperties": [
            {
              "inv": false,
              "mode": "a",
              "pt": {
                "a": 0,
                "k": {
                  "i": [
                    [0, 0],
                    [0, 0],
                    [0, 0],
                    [0, 0],
                    [0, 0],
                    [0, 0],
                    [0, 0],
                    [0, 0],
                    [0, 0]
                  ],
                  "o": [
                    [0, 0],
                    [0, 0],
                    [0, 0],
                    [0, 0],
                    [0, 0],
                    [0, 0],
                    [0, 0],
                    [0, 0],
                    [0, 0]
                  ],
                  "v": [
                    [31.31, -34.72],
                    [24.546, -22.514],
                    [16.605, -16.485],
                    [17.046, -11.338],
                    [21.163, -7.073],
                    [27.487, -0.309],
                    [33.663, 10.133],
                    [47.634, -1.926],
                    [51.31, -12.073]
                  ],
                  "c": true
                },
                "ix": 1
              },
              "o": { "a": 0, "k": 100, "ix": 3 },
              "x": { "a": 0, "k": 0, "ix": 4 },
              "nm": "Mask 1"
            }
          ],
          "ef": [
            {
              "ty": 21,
              "nm": "Fill",
              "np": 9,
              "mn": "ADBE Fill",
              "ix": 1,
              "en": 1,
              "ef": [
                {
                  "ty": 10,
                  "nm": "Fill Mask",
                  "mn": "ADBE Fill-0001",
                  "ix": 1,
                  "v": { "a": 0, "k": 0, "ix": 1 }
                },
                {
                  "ty": 7,
                  "nm": "All Masks",
                  "mn": "ADBE Fill-0007",
                  "ix": 2,
                  "v": { "a": 0, "k": 0, "ix": 2 }
                },
                {
                  "ty": 2,
                  "nm": "Color",
                  "mn": "ADBE Fill-0002",
                  "ix": 3,
                  "v": {
                    "a": 0,
                    "k": [0.992156863213, 0.880375564098, 0.128396704793, 1],
                    "ix": 3
                  }
                },
                {
                  "ty": 7,
                  "nm": "Invert",
                  "mn": "ADBE Fill-0006",
                  "ix": 4,
                  "v": { "a": 0, "k": 0, "ix": 4 }
                },
                {
                  "ty": 0,
                  "nm": "Horizontal Feather",
                  "mn": "ADBE Fill-0003",
                  "ix": 5,
                  "v": { "a": 0, "k": 0, "ix": 5 }
                },
                {
                  "ty": 0,
                  "nm": "Vertical Feather",
                  "mn": "ADBE Fill-0004",
                  "ix": 6,
                  "v": { "a": 0, "k": 0, "ix": 6 }
                },
                {
                  "ty": 0,
                  "nm": "Opacity",
                  "mn": "ADBE Fill-0005",
                  "ix": 7,
                  "v": { "a": 0, "k": 1, "ix": 7 }
                }
              ]
            }
          ],
          "t": {
            "d": {
              "k": [
                {
                  "s": {
                    "s": 40,
                    "f": "SegoeUIEmoji",
                    "t": "✨",
                    "j": 0,
                    "tr": 0,
                    "lh": 48,
                    "ls": 0,
                    "fc": [1, 1, 1]
                  },
                  "t": 0
                }
              ]
            },
            "p": {},
            "m": { "g": 1, "a": { "a": 0, "k": [0, 0], "ix": 2 } },
            "a": []
          },
          "ip": 0,
          "op": 123,
          "st": 0,
          "bm": 0
        },
        {
          "ddd": 0,
          "ind": 3,
          "ty": 5,
          "nm": "✨",
          "sr": 1,
          "ks": {
            "o": { "a": 0, "k": 100, "ix": 11 },
            "r": {
              "a": 1,
              "k": [
                {
                  "i": { "x": [0.055], "y": [1] },
                  "o": { "x": [0.333], "y": [0] },
                  "t": 0,
                  "s": [0]
                },
                {
                  "i": { "x": [0.055], "y": [1] },
                  "o": { "x": [0.333], "y": [0] },
                  "t": 30,
                  "s": [8]
                },
                { "t": 60, "s": [0] }
              ],
              "ix": 10
            },
            "p": { "a": 0, "k": [935, 560, 0], "ix": 2 },
            "a": { "a": 0, "k": [14.973, -6.64, 0], "ix": 1 },
            "s": { "a": 0, "k": [170, 170, 100], "ix": 6 }
          },
          "ao": 0,
          "hasMask": true,
          "masksProperties": [
            {
              "inv": false,
              "mode": "a",
              "pt": {
                "a": 0,
                "k": {
                  "i": [
                    [0, 0],
                    [0, 0],
                    [0, 0],
                    [0, 0],
                    [0, 0],
                    [0, 0],
                    [0, 0]
                  ],
                  "o": [
                    [0, 0],
                    [0, 0],
                    [0, 0],
                    [0, 0],
                    [0, 0],
                    [0, 0],
                    [0, 0]
                  ],
                  "v": [
                    [13.957, -17.514],
                    [2.928, -9.132],
                    [2.487, 1.603],
                    [14.105, 7.339],
                    [21.605, -0.161],
                    [22.193, -5.161],
                    [17.34, -10.014]
                  ],
                  "c": true
                },
                "ix": 1
              },
              "o": { "a": 0, "k": 100, "ix": 3 },
              "x": { "a": 0, "k": 0, "ix": 4 },
              "nm": "Mask 1"
            }
          ],
          "ef": [
            {
              "ty": 21,
              "nm": "Fill",
              "np": 9,
              "mn": "ADBE Fill",
              "ix": 1,
              "en": 1,
              "ef": [
                {
                  "ty": 10,
                  "nm": "Fill Mask",
                  "mn": "ADBE Fill-0001",
                  "ix": 1,
                  "v": { "a": 0, "k": 0, "ix": 1 }
                },
                {
                  "ty": 7,
                  "nm": "All Masks",
                  "mn": "ADBE Fill-0007",
                  "ix": 2,
                  "v": { "a": 0, "k": 0, "ix": 2 }
                },
                {
                  "ty": 2,
                  "nm": "Color",
                  "mn": "ADBE Fill-0002",
                  "ix": 3,
                  "v": {
                    "a": 0,
                    "k": [0.992156863213, 0.880375564098, 0.128396704793, 1],
                    "ix": 3
                  }
                },
                {
                  "ty": 7,
                  "nm": "Invert",
                  "mn": "ADBE Fill-0006",
                  "ix": 4,
                  "v": { "a": 0, "k": 0, "ix": 4 }
                },
                {
                  "ty": 0,
                  "nm": "Horizontal Feather",
                  "mn": "ADBE Fill-0003",
                  "ix": 5,
                  "v": { "a": 0, "k": 0, "ix": 5 }
                },
                {
                  "ty": 0,
                  "nm": "Vertical Feather",
                  "mn": "ADBE Fill-0004",
                  "ix": 6,
                  "v": { "a": 0, "k": 0, "ix": 6 }
                },
                {
                  "ty": 0,
                  "nm": "Opacity",
                  "mn": "ADBE Fill-0005",
                  "ix": 7,
                  "v": { "a": 0, "k": 1, "ix": 7 }
                }
              ]
            }
          ],
          "t": {
            "d": {
              "k": [
                {
                  "s": {
                    "s": 40,
                    "f": "SegoeUIEmoji",
                    "t": "✨",
                    "j": 0,
                    "tr": 0,
                    "lh": 48,
                    "ls": 0,
                    "fc": [1, 1, 1]
                  },
                  "t": 0
                }
              ]
            },
            "p": {},
            "m": { "g": 1, "a": { "a": 0, "k": [0, 0], "ix": 2 } },
            "a": []
          },
          "ip": 0,
          "op": 123,
          "st": 0,
          "bm": 0
        }
      ]
    }
  ],
  "fonts": {
    "list": [
      {
        "fName": "SegoeUIEmoji",
        "fFamily": "Segoe UI Emoji",
        "fStyle": "Regular",
        "ascent": 74.0234375
      }
    ]
  },
  "layers": [
    {
      "ddd": 0,
      "ind": 1,
      "ty": 0,
      "nm": "botão",
      "refId": "comp_0",
      "sr": 1,
      "ks": {
        "o": { "a": 0, "k": 100, "ix": 11 },
        "r": { "a": 0, "k": 0, "ix": 10 },
        "p": { "a": 0, "k": [155, 154, 0], "ix": 2 },
        "a": { "a": 0, "k": [960, 540, 0], "ix": 1 },
        "s": { "a": 0, "k": [100, 100, 100], "ix": 6 }
      },
      "ao": 0,
      "ef": [
        {
          "ty": 25,
          "nm": "Drop Shadow",
          "np": 8,
          "mn": "ADBE Drop Shadow",
          "ix": 1,
          "en": 1,
          "ef": [
            {
              "ty": 2,
              "nm": "Shadow Color",
              "mn": "ADBE Drop Shadow-0001",
              "ix": 1,
              "v": {
                "a": 0,
                "k": [1, 0.829733371735, 0.414901971817, 1],
                "ix": 1
              }
            },
            {
              "ty": 0,
              "nm": "Opacity",
              "mn": "ADBE Drop Shadow-0002",
              "ix": 2,
              "v": {
                "a": 1,
                "k": [
                  {
                    "i": { "x": [0], "y": [1] },
                    "o": { "x": [0.333], "y": [0] },
                    "t": 0,
                    "s": [127.5]
                  },
                  {
                    "i": { "x": [0], "y": [1] },
                    "o": { "x": [0.333], "y": [0] },
                    "t": 15,
                    "s": [204]
                  },
                  {
                    "i": { "x": [0], "y": [1] },
                    "o": { "x": [0.333], "y": [0] },
                    "t": 30,
                    "s": [127.5]
                  },
                  {
                    "i": { "x": [0], "y": [1] },
                    "o": { "x": [0.333], "y": [0] },
                    "t": 45,
                    "s": [204]
                  },
                  { "t": 70, "s": [76.5] }
                ],
                "ix": 2
              }
            },
            {
              "ty": 0,
              "nm": "Direction",
              "mn": "ADBE Drop Shadow-0003",
              "ix": 3,
              "v": { "a": 0, "k": 135, "ix": 3 }
            },
            {
              "ty": 0,
              "nm": "Distance",
              "mn": "ADBE Drop Shadow-0004",
              "ix": 4,
              "v": { "a": 0, "k": 0, "ix": 4 }
            },
            {
              "ty": 0,
              "nm": "Softness",
              "mn": "ADBE Drop Shadow-0005",
              "ix": 5,
              "v": { "a": 0, "k": 40, "ix": 5 }
            },
            {
              "ty": 7,
              "nm": "Shadow Only",
              "mn": "ADBE Drop Shadow-0006",
              "ix": 6,
              "v": { "a": 0, "k": 0, "ix": 6 }
            }
          ]
        }
      ],
      "w": 1920,
      "h": 1080,
      "ip": 0,
      "op": 120,
      "st": 0,
      "bm": 0
    }
  ],
  "markers": [],
  "chars": [
    {
      "ch": "✨",
      "size": 40,
      "style": "Regular",
      "w": 137.3,
      "data": {
        "shapes": [
          {
            "ty": "gr",
            "it": [
              {
                "ind": 0,
                "ty": "sh",
                "ix": 1,
                "ks": {
                  "a": 0,
                  "k": {
                    "i": [
                      [0.423, 1.042],
                      [0, 0],
                      [0.7, 0],
                      [0.293, -0.618],
                      [0, 0],
                      [1.041, -0.488],
                      [0, 0],
                      [0, -0.684],
                      [-0.652, -0.293],
                      [0, 0],
                      [-0.423, -1.041],
                      [0, 0],
                      [-0.716, 0],
                      [-0.293, 0.619],
                      [0, 0],
                      [-1.042, 0.488],
                      [0, 0],
                      [0, 0.684],
                      [0.618, 0.293],
                      [0, 0]
                    ],
                    "o": [
                      [0, 0],
                      [-0.326, -0.618],
                      [-0.7, 0],
                      [0, 0],
                      [-0.456, 1.009],
                      [0, 0],
                      [-0.652, 0.293],
                      [0, 0.684],
                      [0, 0],
                      [1.074, 0.456],
                      [0, 0],
                      [0.293, 0.619],
                      [0.716, 0],
                      [0, 0],
                      [0.455, -1.009],
                      [0, 0],
                      [0.618, -0.293],
                      [0, -0.684],
                      [0, 0],
                      [-1.074, -0.455]
                    ],
                    "v": [
                      [47.119, -68.994],
                      [43.799, -76.562],
                      [42.261, -77.49],
                      [40.771, -76.562],
                      [37.402, -68.994],
                      [35.156, -66.748],
                      [30.908, -64.893],
                      [29.932, -63.428],
                      [30.908, -61.963],
                      [35.156, -60.107],
                      [37.402, -57.861],
                      [40.771, -50.244],
                      [42.285, -49.316],
                      [43.799, -50.244],
                      [47.119, -57.861],
                      [49.365, -60.107],
                      [53.662, -61.963],
                      [54.59, -63.428],
                      [53.662, -64.893],
                      [49.365, -66.748]
                    ],
                    "c": true
                  },
                  "ix": 2
                },
                "nm": "✨",
                "mn": "ADBE Vector Shape - Group",
                "hd": false
              },
              {
                "ind": 1,
                "ty": "sh",
                "ix": 2,
                "ks": {
                  "a": 0,
                  "k": {
                    "i": [
                      [1.334, 3.223],
                      [0, 0],
                      [1.204, 0.423],
                      [1.204, -0.423],
                      [0.618, -1.237],
                      [0, 0],
                      [3.125, -1.432],
                      [0, 0],
                      [0.423, -1.221],
                      [-0.423, -1.221],
                      [-1.27, -0.618],
                      [0, 0],
                      [-1.335, -3.223],
                      [0, 0],
                      [-1.205, -0.407],
                      [-1.205, 0.407],
                      [-0.619, 1.27],
                      [0, 0],
                      [-3.125, 1.433],
                      [0, 0],
                      [-0.423, 1.221],
                      [0.423, 1.221],
                      [1.27, 0.619],
                      [0, 0]
                    ],
                    "o": [
                      [0, 0],
                      [-0.619, -1.237],
                      [-1.205, -0.423],
                      [-1.205, 0.423],
                      [0, 0],
                      [-1.367, 3.223],
                      [0, 0],
                      [-1.27, 0.619],
                      [-0.423, 1.221],
                      [0.423, 1.221],
                      [0, 0],
                      [3.157, 1.433],
                      [0, 0],
                      [0.618, 1.27],
                      [1.204, 0.407],
                      [1.204, -0.407],
                      [0, 0],
                      [1.367, -3.223],
                      [0, 0],
                      [1.27, -0.618],
                      [0.423, -1.221],
                      [-0.423, -1.221],
                      [0, 0],
                      [-3.158, -1.432]
                    ],
                    "v": [
                      [95.605, -50.83],
                      [85.498, -74.658],
                      [82.764, -77.148],
                      [79.15, -77.148],
                      [76.416, -74.658],
                      [66.357, -50.83],
                      [59.619, -43.848],
                      [46.875, -38.086],
                      [44.336, -35.327],
                      [44.336, -31.665],
                      [46.875, -28.906],
                      [59.619, -23.145],
                      [66.357, -16.162],
                      [76.416, 7.666],
                      [79.15, 10.181],
                      [82.764, 10.181],
                      [85.498, 7.666],
                      [95.605, -16.162],
                      [102.344, -23.145],
                      [115.088, -28.906],
                      [117.627, -31.665],
                      [117.627, -35.327],
                      [115.088, -38.086],
                      [102.344, -43.848]
                    ],
                    "c": true
                  },
                  "ix": 2
                },
                "nm": "✨",
                "mn": "ADBE Vector Shape - Group",
                "hd": false
              },
              {
                "ind": 2,
                "ty": "sh",
                "ix": 3,
                "ks": {
                  "a": 0,
                  "k": {
                    "i": [
                      [-1.367, -0.651],
                      [0, 0],
                      [0, -0.928],
                      [0.813, -0.423],
                      [0, 0],
                      [0.586, -1.399],
                      [0, 0],
                      [0.895, 0],
                      [0.391, 0.846],
                      [0, 0],
                      [1.334, 0.652],
                      [0, 0],
                      [0, 0.928],
                      [-0.814, 0.423],
                      [0, 0],
                      [-0.586, 1.4],
                      [0, 0],
                      [-0.896, 0],
                      [-0.391, -0.846],
                      [0, 0]
                    ],
                    "o": [
                      [0, 0],
                      [0.813, 0.423],
                      [0, 0.928],
                      [0, 0],
                      [-1.335, 0.652],
                      [0, 0],
                      [-0.391, 0.846],
                      [-0.896, 0],
                      [0, 0],
                      [-0.586, -1.399],
                      [0, 0],
                      [-0.814, -0.423],
                      [0, -0.928],
                      [0, 0],
                      [1.334, -0.651],
                      [0, 0],
                      [0.391, -0.846],
                      [0.895, 0],
                      [0, 0],
                      [0.553, 1.4]
                    ],
                    "v": [
                      [44.385, -16.943],
                      [49.854, -14.404],
                      [51.074, -12.378],
                      [49.854, -10.352],
                      [44.385, -7.812],
                      [41.504, -4.736],
                      [37.158, 5.713],
                      [35.229, 6.982],
                      [33.301, 5.713],
                      [28.955, -4.736],
                      [26.074, -7.812],
                      [20.605, -10.352],
                      [19.385, -12.378],
                      [20.605, -14.404],
                      [26.074, -16.943],
                      [28.955, -20.02],
                      [33.301, -30.469],
                      [35.229, -31.738],
                      [37.158, -30.469],
                      [41.504, -20.02]
                    ],
                    "c": true
                  },
                  "ix": 2
                },
                "nm": "✨",
                "mn": "ADBE Vector Shape - Group",
                "hd": false
              }
            ],
            "nm": "✨",
            "np": 6,
            "cix": 2,
            "bm": 0,
            "ix": 1,
            "mn": "ADBE Vector Group",
            "hd": false
          }
        ]
      },
      "fFamily": "Segoe UI Emoji"
    }
  ]
}
